{
    "Starting-USDT": 0.045033877,
    "Starting-BTC": 0.09214373,
    "Actual-USDT": 0.045033877,
    "Actual-BTC": 0.09214373
}